id,name,value,edge,alpha,luminance,finish
0,Black,#05131D,#595959,,,
1,Blue,#0055BF,#333333,,,
2,Green,#257A3E,#333333,,,
3,Dark_Turquoise,#00838F,#333333,,,
4,Red,#C91A09,#333333,,,
5,Dark_Pink,#C870A0,#333333,,,
6,Brown,#583927,#1E1E1E,,,
7,Light_Gray,#9BA19D,#333333,,,
8,Dark_Gray,#6D6E5C,#333333,,,
9,Light_Blue,#B4D2E3,#333333,,,
10,Bright_Green,#4B9F4A,#333333,,,
11,Light_Turquoise,#55A5AF,#333333,,,
12,Salmon,#F2705E,#333333,,,
13,Pink,#FC97AC,#333333,,,
14,Yellow,#F2CD37,#333333,,,
15,White,#FFFFFF,#333333,,,
17,Light_Green,#C2DAB8,#333333,,,
18,Light_Yellow,#FBE696,#333333,,,
19,Tan,#E4CD9E,#333333,,,
20,Light_Violet,#C9CAE2,#333333,,,
22,Purple,#81007B,#333333,,,
23,Dark_Blue_Violet,#2032B0,#1E1E1E,,,
25,Orange,#FE8A18,#333333,,,
26,Magenta,#923978,#333333,,,
27,Lime,#BBE90B,#333333,,,
28,Dark_Tan,#958A73,#333333,,,
29,Bright_Pink,#E4ADC8,#333333,,,
30,Medium_Lavender,#AC78BA,#333333,,,
31,Lavender,#E1D5ED,#333333,,,
68,Very_Light_Orange,#F3CF9B,#333333,,,
69,Light_Purple,#CD6298,#333333,,,
70,Reddish_Brown,#582A12,#595959,,,
71,Light_Bluish_Gray,#A0A5A9,#333333,,,
72,Dark_Bluish_Gray,#6C6E68,#333333,,,
73,Medium_Blue,#5C9DD1,#333333,,,
74,Medium_Green,#73DCA1,#333333,,,
77,Light_Pink,#FECCCF,#333333,,,
78,Light_Flesh,#F6D7B3,#333333,,,
84,Medium_Dark_Flesh,#CC702A,#333333,,,
85,Dark_Purple,#3F3691,#1E1E1E,,,
86,Dark_Flesh,#7C503A,#333333,,,
89,Blue_Violet,#4C61DB,#333333,,,
92,Flesh,#D09168,#333333,,,
100,Light_Salmon,#FEBABD,#333333,,,
110,Violet,#4354A3,#333333,,,
112,Medium_Violet,#6874CA,#333333,,,
115,Medium_Lime,#C7D23C,#333333,,,
118,Aqua,#B3D7D1,#333333,,,
120,Light_Lime,#D9E4A7,#333333,,,
125,Light_Orange,#F9BA61,#333333,,,
151,Very_Light_Bluish_Gray,#E6E3E0,#333333,,,
191,Bright_Light_Orange,#F8BB3D,#333333,,,
212,Bright_Light_Blue,#86C1E1,#333333,,,
216,Rust,#B31004,#333333,,,
226,Bright_Light_Yellow,#FFF03A,#333333,,,
232,Sky_Blue,#56BED6,#333333,,,
272,Dark_Blue,#0D325B,#1E1E1E,,,
288,Dark_Green,#184632,#595959,,,
308,Dark_Brown,#352100,#595959,,,
313,Maersk_Blue,#54A9C8,#333333,,,
320,Dark_Red,#720E0F,#333333,,,
321,Dark_Azure,#1498D7,#333333,,,
322,Medium_Azure,#3EC2DD,#333333,,,
323,Light_Aqua,#BDDCD8,#333333,,,
326,Yellowish_Green,#DFEEA5,#333333,,,
330,Olive_Green,#9B9A5A,#333333,,,
335,Sand_Red,#D67572,#333333,,,
351,Medium_Dark_Pink,#F785B1,#333333,,,
366,Earth_Orange,#FA9C1C,#333333,,,
373,Sand_Purple,#845E84,#333333,,,
378,Sand_Green,#A0BCAC,#333333,,,
379,Sand_Blue,#597184,#333333,,,
450,Fabuland_Brown,#B67B50,#333333,,,
462,Medium_Orange,#FFA70B,#333333,,,
484,Dark_Orange,#A95500,#333333,,,
503,Very_Light_Gray,#E6E3DA,#333333,,,
47,Trans_Clear,#FCFCFC,#C3C3C3,128,,
40,Trans_Black,#635F52,#171316,128,,
36,Trans_Red,#C91A09,#880000,128,,
38,Trans_Neon_Orange,#FF800D,#BD2400,128,,
57,Trans_Orange,#F08F1C,#A45C28,128,,
605,Trans_Light_Orange,#FF9F2C,#A45C28,128,,
54,Trans_Neon_Yellow,#DAB000,#C3BA3F,128,,
46,Trans_Yellow,#F5CD2F,#8E7400,128,,
42,Trans_Neon_Green,#C0FF00,#84C300,128,,
35,Trans_Bright_Green,#56E646,#9DA86B,128,,
34,Trans_Green,#237841,#1E6239,128,,
33,Trans_Dark_Blue,#0020A0,#000064,128,,
41,Trans_Medium_Blue,#559AB7,#196973,128,,
43,Trans_Light_Blue,#AEE9EF,#72B3B0,128,,
39,Trans_Very_Light_Blue,#C1DFF0,#85A3B4,128,,
44,Trans_Light_Purple,#96709F,#5A3463,128,,
52,Trans_Purple,#A5A5CB,#280025,128,,
37,Trans_Dark_Pink,#DF6695,#A32A59,128,,
45,Trans_Pink,#FC97AC,#A8718C,128,,
334,Chrome_Gold,#BBA53D,#BBB23D,,,CHROME
383,Chrome_Silver,#E0E0E0,#A4A4A4,,,CHROME
60,Chrome_Antique_Brass,#645A4C,#281E10,,,CHROME
64,Chrome_Black,#1B2A34,#595959,,,CHROME
61,Chrome_Blue,#6C96BF,#202A68,,,CHROME
62,Chrome_Green,#3CB371,#007735,,,CHROME
63,Chrome_Pink,#AA4D8E,#6E1152,,,CHROME
183,Pearl_White,#F2F3F2,#333333,,,PEARLESCENT
150,Pearl_Very_Light_Gray,#BBBDBC,#333333,,,PEARLESCENT
135,Pearl_Light_Gray,#9CA3A8,#333333,,,PEARLESCENT
179,Flat_Silver,#898788,#333333,,,PEARLESCENT
148,Pearl_Dark_Gray,#575857,#333333,,,PEARLESCENT
137,Metal_Blue,#5677BA,#333333,,,PEARLESCENT
142,Pearl_Light_Gold,#DCBE61,#333333,,,PEARLESCENT
297,Pearl_Gold,#CC9C2B,#333333,,,PEARLESCENT
178,Flat_Dark_Gold,#B4883E,#333333,,,PEARLESCENT
134,Copper,#964A27,#333333,,,PEARLESCENT
80,Metallic_Silver,#A5A9B4,#333333,,,METAL
81,Metallic_Green,#899B5F,#333333,,,METAL
82,Metallic_Gold,#DBAC34,#333333,,,METAL
83,Metallic_Black,#1A2831,#333333,,,METAL
87,Metallic_Dark_Gray,#6D6E5C,#333333,,,METAL
79,Milky_White,#FFFFFF,#C3C3C3,224,,
21,Glow_In_Dark_Opaque,#E0FFB0,#A4C374,250,15,
601,Glow_In_Dark_White,#BDC6AD,#818A71,250,15,
294,Glow_In_Dark_Trans,#BDC6AD,#818A71,250,15,
114,Glitter_Trans_Dark_Pink,#DF6695,#9A2A66,128,,1
117,Glitter_Trans_Clear,#FFFFFF,#C3C3C3,128,,1
129,Glitter_Trans_Purple,#640061,#280025,128,,1
132,Speckle_Black_Silver,#000000,#898788,,,3
133,Speckle_Black_Gold,#000000,#DBAC34,,,3
75,Speckle_Black_Copper,#000000,#AB6038,,,3
76,Speckle_Dark_Bluish_Gray_Silver,#635F61,#898788,,,3
65,Rubber_Yellow,#F5CD2F,#333333,,,RUBBER
66,Rubber_Trans_Yellow,#CAB000,#8E7400,128,,RUBBER
67,Rubber_Trans_Clear,#FFFFFF,#C3C3C3,128,,RUBBER
256,Rubber_Black,#212121,#595959,,,RUBBER
273,Rubber_Blue,#0033B2,#333333,,,RUBBER
324,Rubber_Red,#C40026,#333333,,,RUBBER
350,Rubber_Orange,#D06610,#333333,,,RUBBER
375,Rubber_Light_Gray,#C1C2C1,#333333,,,RUBBER
406,Rubber_Dark_Blue,#001D68,#595959,,,RUBBER
449,Rubber_Purple,#81007B,#333333,,,RUBBER
490,Rubber_Lime,#D7F000,#333333,,,RUBBER
496,Rubber_Light_Bluish_Gray,#A3A2A4,#333333,,,RUBBER
504,Rubber_Flat_Silver,#898788,#333333,,,RUBBER
511,Rubber_White,#FAFAFA,#333333,,,RUBBER
16,Main_Colour,#7F7F7F,#333333,,,
24,Edge_Colour,#7F7F7F,#333333,,,
32,Trans_Black_IR_Lens,#000000,#333333,200,,
493,Magnet,#656761,#595959,,,METAL
494,Electric_Contact_Alloy,#D0D0D0,#333333,,,METAL
495,Electric_Contact_Copper,#AE7A59,#333333,,,METAL
